{"_via_settings":{"ui":{"annotation_editor_height":25,"annotation_editor_fontsize":0.8,"leftsidebar_width":18,"image_grid":{"img_height":80,"rshape_fill":"none","rshape_fill_opacity":0.3,"rshape_stroke":"yellow","rshape_stroke_width":2,"show_region_shape":true,"show_image_policy":"all"},"image":{"region_label":"__via_region_id__","region_color":"__via_default_region_color__","region_label_font":"10px Sans","on_image_annotation_editor_placement":"NEAR_REGION"}},"core":{"buffer_size":18,"filepath":{},"default_filepath":""},"project":{"name":"via_project_10Oct2019_18h40m"}},"_via_img_metadata":{"img_001.jpg44362":{"filename":"img_001.jpg","size":44362,"regions":[{"shape_attributes":{"name":"rect","x":150,"y":67,"width":23,"height":49},"region_attributes":{"class":"Front"}},{"shape_attributes":{"name":"rect","x":345,"y":69,"width":23,"height":50},"region_attributes":{"class":"Front"}},{"shape_attributes":{"name":"rect","x":74,"y":62,"width":22,"height":45},"region_attributes":{"class":"Front"}}],"file_attributes":{}},"img_002.jpg21249":{"filename":"img_002.jpg","size":21249,"regions":[{"shape_attributes":{"name":"rect","x":182,"y":42,"width":20,"height":41},"region_attributes":{"class":"Left"}}],"file_attributes":{}},"img_003.jpg31716":{"filename":"img_003.jpg","size":31716,"regions":[{"shape_attributes":{"name":"rect","x":324,"y":27,"width":39,"height":114},"region_attributes":{"class":"Front"}},{"shape_attributes":{"name":"rect","x":210,"y":65,"width":42,"height":137},"region_attributes":{"class":"Front"}},{"shape_attributes":{"name":"rect","x":133,"y":82,"width":45,"height":110},"region_attributes":{"class":"Front"}},{"shape_attributes":{"name":"rect","x":51,"y":46,"width":48,"height":129},"region_attributes":{"class":"Front"}}],"file_attributes":{}},"img_004.jpeg22893":{"filename":"img_004.jpeg","size":22893,"regions":[{"shape_attributes":{"name":"rect","x":199,"y":123,"width":36,"height":76},"region_attributes":{"class":"Back"}}],"file_attributes":{}},"img_005.jpeg23955":{"filename":"img_005.jpeg","size":23955,"regions":[{"shape_attributes":{"name":"rect","x":196,"y":95,"width":34,"height":69},"region_attributes":{"class":"Up"}}],"file_attributes":{}},"img_006.jpeg15214":{"filename":"img_006.jpeg","size":15214,"regions":[{"shape_attributes":{"name":"rect","x":64,"y":129,"width":57,"height":107},"region_attributes":{"class":"UpRight"}}],"file_attributes":{}},"img_007.jpeg14646":{"filename":"img_007.jpeg","size":14646,"regions":[{"shape_attributes":{"name":"rect","x":204,"y":40,"width":102,"height":348},"region_attributes":{"class":"Left"}}],"file_attributes":{}},"img_008.jpeg19003":{"filename":"img_008.jpeg","size":19003,"regions":[{"shape_attributes":{"name":"rect","x":138,"y":61,"width":120,"height":190},"region_attributes":{"class":"Right"}}],"file_attributes":{}},"img_009.jpeg14384":{"filename":"img_009.jpeg","size":14384,"regions":[{"shape_attributes":{"name":"rect","x":129,"y":34,"width":151,"height":240},"region_attributes":{"class":"Front"}}],"file_attributes":{}},"img_010.jpeg18939":{"filename":"img_010.jpeg","size":18939,"regions":[{"shape_attributes":{"name":"rect","x":216,"y":19,"width":148,"height":302},"region_attributes":{"class":"Front"}}],"file_attributes":{}},"img_011.jpeg22784":{"filename":"img_011.jpeg","size":22784,"regions":[{"shape_attributes":{"name":"rect","x":277,"y":65,"width":65,"height":189},"region_attributes":{"class":"Front"}}],"file_attributes":{}},"img_012.jpeg18754":{"filename":"img_012.jpeg","size":18754,"regions":[{"shape_attributes":{"name":"rect","x":56,"y":46,"width":32,"height":71},"region_attributes":{"class":"Front"}},{"shape_attributes":{"name":"rect","x":147,"y":87,"width":29,"height":73},"region_attributes":{"class":"Front"}},{"shape_attributes":{"name":"rect","x":216,"y":52,"width":36,"height":82},"region_attributes":{"class":"Front"}},{"shape_attributes":{"name":"rect","x":313,"y":15,"width":30,"height":77},"region_attributes":{"class":"Front"}}],"file_attributes":{}},"img_013.jpeg21807":{"filename":"img_013.jpeg","size":21807,"regions":[{"shape_attributes":{"name":"rect","x":269,"y":74,"width":38,"height":74},"region_attributes":{"class":"Front"}},{"shape_attributes":{"name":"rect","x":183,"y":70,"width":38,"height":69},"region_attributes":{"class":"Front"}},{"shape_attributes":{"name":"rect","x":86,"y":79,"width":39,"height":67},"region_attributes":{"class":"Front"}}],"file_attributes":{}},"img_014.jpeg20660":{"filename":"img_014.jpeg","size":20660,"regions":[{"shape_attributes":{"name":"rect","x":172,"y":33,"width":43,"height":88},"region_attributes":{"class":"Front"}}],"file_attributes":{}},"img_015.jpeg20147":{"filename":"img_015.jpeg","size":20147,"regions":[{"shape_attributes":{"name":"rect","x":83,"y":71,"width":68,"height":128},"region_attributes":{"class":"Front"}}],"file_attributes":{}},"img_016.jpeg26922":{"filename":"img_016.jpeg","size":26922,"regions":[{"shape_attributes":{"name":"rect","x":202,"y":74,"width":25,"height":46},"region_attributes":{"class":"Front"}},{"shape_attributes":{"name":"rect","x":109,"y":86,"width":33,"height":60},"region_attributes":{"class":"Front"}}],"file_attributes":{}},"img_017.jpeg16103":{"filename":"img_017.jpeg","size":16103,"regions":[{"shape_attributes":{"name":"rect","x":117,"y":92,"width":121,"height":232},"region_attributes":{"class":"Front"}}],"file_attributes":{}},"img_018.jpeg25090":{"filename":"img_018.jpeg","size":25090,"regions":[{"shape_attributes":{"name":"rect","x":138,"y":74,"width":105,"height":202},"region_attributes":{"class":"Front"}}],"file_attributes":{}},"img_019.jpeg18015":{"filename":"img_019.jpeg","size":18015,"regions":[{"shape_attributes":{"name":"rect","x":256,"y":92,"width":93,"height":200},"region_attributes":{"class":"Left"}}],"file_attributes":{}},"img_020.jpeg24824":{"filename":"img_020.jpeg","size":24824,"regions":[{"shape_attributes":{"name":"rect","x":263,"y":45,"width":31,"height":100},"region_attributes":{"class":"Left"}},{"shape_attributes":{"name":"rect","x":98,"y":101,"width":34,"height":96},"region_attributes":{"class":"Front"}}],"file_attributes":{}},"img_021.jpg23628":{"filename":"img_021.jpg","size":23628,"regions":[{"shape_attributes":{"name":"rect","x":152,"y":63,"width":108,"height":259},"region_attributes":{"class":"Front"}}],"file_attributes":{}},"img_022.jpg23279":{"filename":"img_022.jpg","size":23279,"regions":[{"shape_attributes":{"name":"rect","x":135,"y":74,"width":167,"height":178},"region_attributes":{"class":"Front"}}],"file_attributes":{}},"img_023.jpeg20023":{"filename":"img_023.jpeg","size":20023,"regions":[{"shape_attributes":{"name":"rect","x":310,"y":155,"width":26,"height":64},"region_attributes":{"class":"Top"}},{"shape_attributes":{"name":"rect","x":134,"y":70,"width":28,"height":67},"region_attributes":{"class":"Top"}}],"file_attributes":{}},"img_024.jpeg33711":{"filename":"img_024.jpeg","size":33711,"regions":[{"shape_attributes":{"name":"rect","x":122,"y":46,"width":39,"height":73},"region_attributes":{"class":"Front"}},{"shape_attributes":{"name":"rect","x":199,"y":72,"width":35,"height":63},"region_attributes":{"class":"Front"}}],"file_attributes":{}},"img_025.jpeg19607":{"filename":"img_025.jpeg","size":19607,"regions":[{"shape_attributes":{"name":"rect","x":256,"y":35,"width":44,"height":89},"region_attributes":{"class":"Front"}},{"shape_attributes":{"name":"rect","x":93,"y":39,"width":53,"height":89},"region_attributes":{"class":"Front"}}],"file_attributes":{}},"img_026.jpeg18143":{"filename":"img_026.jpeg","size":18143,"regions":[{"shape_attributes":{"name":"rect","x":131,"y":44,"width":130,"height":228},"region_attributes":{"class":"Front"}}],"file_attributes":{}},"img_027.jpeg12168":{"filename":"img_027.jpeg","size":12168,"regions":[{"shape_attributes":{"name":"rect","x":182,"y":41,"width":62,"height":202},"region_attributes":{"class":"Left"}}],"file_attributes":{}},"img_028.jpeg15198":{"filename":"img_028.jpeg","size":15198,"regions":[{"shape_attributes":{"name":"rect","x":122,"y":94,"width":133,"height":228},"region_attributes":{"class":"Down"}}],"file_attributes":{}},"img_029.jpeg14706":{"filename":"img_029.jpeg","size":14706,"regions":[{"shape_attributes":{"name":"rect","x":233,"y":88,"width":52,"height":124},"region_attributes":{"class":"Left"}}],"file_attributes":{}},"img_030.jpeg13639":{"filename":"img_030.jpeg","size":13639,"regions":[{"shape_attributes":{"name":"rect","x":173,"y":59,"width":96,"height":217},"region_attributes":{"class":"Front"}}],"file_attributes":{}},"img_031.jpeg16635":{"filename":"img_031.jpeg","size":16635,"regions":[{"shape_attributes":{"name":"rect","x":156,"y":62,"width":105,"height":287},"region_attributes":{"class":"Front"}}],"file_attributes":{}},"img_032.jpeg24955":{"filename":"img_032.jpeg","size":24955,"regions":[{"shape_attributes":{"name":"rect","x":80,"y":44,"width":80,"height":139},"region_attributes":{"class":"Up"}},{"shape_attributes":{"name":"rect","x":241,"y":137,"width":78,"height":144},"region_attributes":{"class":"DownLeft"}}],"file_attributes":{}},"img_033.jpeg23026":{"filename":"img_033.jpeg","size":23026,"regions":[{"shape_attributes":{"name":"rect","x":150,"y":40,"width":95,"height":221},"region_attributes":{"class":"Front"}},{"shape_attributes":{"name":"rect","x":18,"y":62,"width":97,"height":218},"region_attributes":{"class":"Front"}},{"shape_attributes":{"name":"rect","x":296,"y":57,"width":99,"height":241},"region_attributes":{"class":"Front"}}],"file_attributes":{}},"img_034.jpeg25843":{"filename":"img_034.jpeg","size":25843,"regions":[{"shape_attributes":{"name":"rect","x":271,"y":16,"width":37,"height":104},"region_attributes":{"class":"Left"}},{"shape_attributes":{"name":"rect","x":83,"y":17,"width":33,"height":100},"region_attributes":{"class":"Right"}},{"shape_attributes":{"name":"rect","x":144,"y":47,"width":34,"height":90},"region_attributes":{"class":"Front"}},{"shape_attributes":{"name":"rect","x":216,"y":7,"width":30,"height":88},"region_attributes":{"class":"Front"}}],"file_attributes":{}},"img_035.jpeg19333":{"filename":"img_035.jpeg","size":19333,"regions":[{"shape_attributes":{"name":"rect","x":132,"y":43,"width":76,"height":125},"region_attributes":{"class":"Up"}}],"file_attributes":{}},"img_036.jpeg29613":{"filename":"img_036.jpeg","size":29613,"regions":[{"shape_attributes":{"name":"rect","x":172,"y":19,"width":46,"height":108},"region_attributes":{"class":"Front"}}],"file_attributes":{}},"img_037.jpeg19867":{"filename":"img_037.jpeg","size":19867,"regions":[{"shape_attributes":{"name":"rect","x":190,"y":89,"width":64,"height":174},"region_attributes":{"class":"DownRight"}}],"file_attributes":{}},"img_038.jpeg17530":{"filename":"img_038.jpeg","size":17530,"regions":[{"shape_attributes":{"name":"rect","x":166,"y":57,"width":111,"height":228},"region_attributes":{"class":"Front"}}],"file_attributes":{}},"img_039.jpeg17107":{"filename":"img_039.jpeg","size":17107,"regions":[{"shape_attributes":{"name":"rect","x":259,"y":194,"width":76,"height":138},"region_attributes":{"class":"Front"}},{"shape_attributes":{"name":"rect","x":39,"y":41,"width":53,"height":133},"region_attributes":{"class":"Left"}}],"file_attributes":{}},"img_040.jpeg14933":{"filename":"img_040.jpeg","size":14933,"regions":[{"shape_attributes":{"name":"rect","x":190,"y":99,"width":140,"height":240},"region_attributes":{"class":"Front"}}],"file_attributes":{}},"img_041.jpeg19451":{"filename":"img_041.jpeg","size":19451,"regions":[{"shape_attributes":{"name":"rect","x":167,"y":63,"width":107,"height":136},"region_attributes":{"class":"Front"}}],"file_attributes":{}},"img_042.jpeg28594":{"filename":"img_042.jpeg","size":28594,"regions":[{"shape_attributes":{"name":"rect","x":38,"y":124,"width":106,"height":212},"region_attributes":{"class":"Front"}}],"file_attributes":{}},"img_043.jpeg16163":{"filename":"img_043.jpeg","size":16163,"regions":[{"shape_attributes":{"name":"rect","x":227,"y":63,"width":114,"height":246},"region_attributes":{"class":"Front"}}],"file_attributes":{}},"img_044.jpeg19009":{"filename":"img_044.jpeg","size":19009,"regions":[{"shape_attributes":{"name":"rect","x":232,"y":100,"width":114,"height":232},"region_attributes":{"class":"Front"}},{"shape_attributes":{"name":"rect","x":61,"y":35,"width":103,"height":285},"region_attributes":{"class":"Front"}}],"file_attributes":{}},"img_045.jpeg14594":{"filename":"img_045.jpeg","size":14594,"regions":[{"shape_attributes":{"name":"rect","x":180,"y":146,"width":30,"height":82},"region_attributes":{"class":"Left"}},{"shape_attributes":{"name":"rect","x":82,"y":152,"width":47,"height":75},"region_attributes":{"class":"Front"}}],"file_attributes":{}},"img_046.jpeg24933":{"filename":"img_046.jpeg","size":24933,"regions":[{"shape_attributes":{"name":"rect","x":127,"y":55,"width":108,"height":191},"region_attributes":{"class":"Up"}},{"shape_attributes":{"name":"rect","x":282,"y":91,"width":92,"height":141},"region_attributes":{"class":"Front"}}],"file_attributes":{}},"img_047.jpeg16164":{"filename":"img_047.jpeg","size":16164,"regions":[{"shape_attributes":{"name":"rect","x":128,"y":78,"width":122,"height":216},"region_attributes":{"class":"Up"}}],"file_attributes":{}},"img_048.jpeg18619":{"filename":"img_048.jpeg","size":18619,"regions":[{"shape_attributes":{"name":"rect","x":22,"y":1,"width":266,"height":392},"region_attributes":{"class":"Front"}}],"file_attributes":{}},"img_049.jpeg22941":{"filename":"img_049.jpeg","size":22941,"regions":[{"shape_attributes":{"name":"rect","x":185,"y":51,"width":54,"height":118},"region_attributes":{"class":"Left"}}],"file_attributes":{}},"img_050.jpeg21769":{"filename":"img_050.jpeg","size":21769,"regions":[{"shape_attributes":{"name":"rect","x":256,"y":70,"width":92,"height":70},"region_attributes":{"class":"Front"}},{"shape_attributes":{"name":"rect","x":54,"y":37,"width":93,"height":86},"region_attributes":{"class":"Front"}}],"file_attributes":{}},"img_051.jpeg20568":{"filename":"img_051.jpeg","size":20568,"regions":[{"shape_attributes":{"name":"rect","x":260,"y":38,"width":41,"height":77},"region_attributes":{"class":"Front"}},{"shape_attributes":{"name":"rect","x":92,"y":35,"width":65,"height":113},"region_attributes":{"class":"Front"}},{"shape_attributes":{"name":"rect","x":108,"y":237,"width":40,"height":67},"region_attributes":{"class":"Front"}}],"file_attributes":{}},"img_052.jpeg20291":{"filename":"img_052.jpeg","size":20291,"regions":[{"shape_attributes":{"name":"rect","x":151,"y":3,"width":115,"height":197},"region_attributes":{"class":"Up"}}],"file_attributes":{}},"img_053.jpeg23878":{"filename":"img_053.jpeg","size":23878,"regions":[{"shape_attributes":{"name":"rect","x":161,"y":180,"width":59,"height":129},"region_attributes":{"class":"Front"}}],"file_attributes":{}},"img_054.jpeg18851":{"filename":"img_054.jpeg","size":18851,"regions":[{"shape_attributes":{"name":"rect","x":72,"y":47,"width":241,"height":288},"region_attributes":{"class":"Up"}}],"file_attributes":{}},"img_055.jpeg19377":{"filename":"img_055.jpeg","size":19377,"regions":[{"shape_attributes":{"name":"rect","x":56,"y":43,"width":100,"height":218},"region_attributes":{"class":"Front"}},{"shape_attributes":{"name":"rect","x":245,"y":62,"width":108,"height":165},"region_attributes":{"class":"Front"}}],"file_attributes":{}},"img_056.jpeg19482":{"filename":"img_056.jpeg","size":19482,"regions":[{"shape_attributes":{"name":"rect","x":147,"y":27,"width":79,"height":200},"region_attributes":{"class":"Front"}}],"file_attributes":{}},"img_057.jpeg17381":{"filename":"img_057.jpeg","size":17381,"regions":[{"shape_attributes":{"name":"rect","x":182,"y":27,"width":102,"height":165},"region_attributes":{"class":"Up"}}],"file_attributes":{}},"img_058.jpeg23113":{"filename":"img_058.jpeg","size":23113,"regions":[{"shape_attributes":{"name":"rect","x":237,"y":35,"width":143,"height":305},"region_attributes":{"class":"Front"}},{"shape_attributes":{"name":"rect","x":41,"y":40,"width":136,"height":254},"region_attributes":{"class":"Front"}}],"file_attributes":{}},"img_059.jpeg19243":{"filename":"img_059.jpeg","size":19243,"regions":[{"shape_attributes":{"name":"rect","x":258,"y":60,"width":44,"height":141},"region_attributes":{"class":"Left"}},{"shape_attributes":{"name":"rect","x":68,"y":49,"width":46,"height":161},"region_attributes":{"class":"Right"}}],"file_attributes":{}},"img_060.jpeg21818":{"filename":"img_060.jpeg","size":21818,"regions":[{"shape_attributes":{"name":"rect","x":71,"y":12,"width":95,"height":229},"region_attributes":{"class":"Front"}},{"shape_attributes":{"name":"rect","x":244,"y":54,"width":109,"height":217},"region_attributes":{"class":"Front"}}],"file_attributes":{}},"img_061.jpeg27041":{"filename":"img_061.jpeg","size":27041,"regions":[{"shape_attributes":{"name":"rect","x":268,"y":55,"width":32,"height":106},"region_attributes":{"class":"Left"}},{"shape_attributes":{"name":"rect","x":183,"y":27,"width":42,"height":99},"region_attributes":{"class":"Front"}},{"shape_attributes":{"name":"rect","x":86,"y":54,"width":44,"height":101},"region_attributes":{"class":"Front"}}],"file_attributes":{}},"img_062.jpeg21763":{"filename":"img_062.jpeg","size":21763,"regions":[{"shape_attributes":{"name":"rect","x":319,"y":102,"width":34,"height":74},"region_attributes":{"class":"Left"}},{"shape_attributes":{"name":"rect","x":203,"y":109,"width":26,"height":62},"region_attributes":{"class":"Left"}},{"shape_attributes":{"name":"rect","x":58,"y":84,"width":26,"height":80},"region_attributes":{"class":"Right"}}],"file_attributes":{}},"img_063.jpeg27698":{"filename":"img_063.jpeg","size":27698,"regions":[{"shape_attributes":{"name":"rect","x":340,"y":106,"width":33,"height":80},"region_attributes":{"class":"Front"}},{"shape_attributes":{"name":"rect","x":183,"y":103,"width":25,"height":60},"region_attributes":{"class":"Left"}}],"file_attributes":{}},"img_064.jpeg20670":{"filename":"img_064.jpeg","size":20670,"regions":[{"shape_attributes":{"name":"rect","x":292,"y":105,"width":39,"height":111},"region_attributes":{"class":"Left"}},{"shape_attributes":{"name":"rect","x":76,"y":104,"width":43,"height":87},"region_attributes":{"class":"Right"}}],"file_attributes":{}},"img_065.jpeg29462":{"filename":"img_065.jpeg","size":29462,"regions":[{"shape_attributes":{"name":"rect","x":156,"y":71,"width":19,"height":49},"region_attributes":{"class":"Right"}},{"shape_attributes":{"name":"rect","x":95,"y":59,"width":23,"height":60},"region_attributes":{"class":"Front"}}],"file_attributes":{}},"img_066.jpeg22621":{"filename":"img_066.jpeg","size":22621,"regions":[{"shape_attributes":{"name":"rect","x":240,"y":60,"width":60,"height":133},"region_attributes":{"class":"Front"}},{"shape_attributes":{"name":"rect","x":62,"y":86,"width":62,"height":162},"region_attributes":{"class":"Front"}}],"file_attributes":{}},"img_067.jpeg25953":{"filename":"img_067.jpeg","size":25953,"regions":[{"shape_attributes":{"name":"rect","x":327,"y":53,"width":31,"height":68},"region_attributes":{"class":"Front"}},{"shape_attributes":{"name":"rect","x":236,"y":60,"width":32,"height":80},"region_attributes":{"class":"Front"}},{"shape_attributes":{"name":"rect","x":125,"y":54,"width":28,"height":75},"region_attributes":{"class":"Front"}},{"shape_attributes":{"name":"rect","x":24,"y":62,"width":41,"height":89},"region_attributes":{"class":"Front"}}],"file_attributes":{}},"img_068.jpeg22456":{"filename":"img_068.jpeg","size":22456,"regions":[{"shape_attributes":{"name":"rect","x":258,"y":47,"width":28,"height":73},"region_attributes":{"class":"Left"}},{"shape_attributes":{"name":"rect","x":140,"y":58,"width":35,"height":73},"region_attributes":{"class":"Right"}}],"file_attributes":{}},"img_069.jpeg26623":{"filename":"img_069.jpeg","size":26623,"regions":[{"shape_attributes":{"name":"rect","x":146,"y":45,"width":60,"height":168},"region_attributes":{"class":"Front"}}],"file_attributes":{}},"img_070.jpeg26166":{"filename":"img_070.jpeg","size":26166,"regions":[{"shape_attributes":{"name":"rect","x":293,"y":57,"width":38,"height":70},"region_attributes":{"class":"Left"}},{"shape_attributes":{"name":"rect","x":101,"y":46,"width":37,"height":76},"region_attributes":{"class":"Right"}}],"file_attributes":{}},"img_071.jpeg19426":{"filename":"img_071.jpeg","size":19426,"regions":[{"shape_attributes":{"name":"rect","x":171,"y":56,"width":79,"height":80},"region_attributes":{"class":"Left"}}],"file_attributes":{}},"img_072.jpeg23722":{"filename":"img_072.jpeg","size":23722,"regions":[{"shape_attributes":{"name":"rect","x":277,"y":121,"width":37,"height":58},"region_attributes":{"class":"Left"}},{"shape_attributes":{"name":"rect","x":102,"y":117,"width":38,"height":57},"region_attributes":{"class":"Right"}}],"file_attributes":{}},"img_073.jpeg22125":{"filename":"img_073.jpeg","size":22125,"regions":[{"shape_attributes":{"name":"rect","x":160,"y":56,"width":129,"height":187},"region_attributes":{"class":"Front"}}],"file_attributes":{}},"img_074.jpeg17575":{"filename":"img_074.jpeg","size":17575,"regions":[{"shape_attributes":{"name":"rect","x":152,"y":30,"width":60,"height":134},"region_attributes":{"class":"Front"}}],"file_attributes":{}},"img_075.jpeg17177":{"filename":"img_075.jpeg","size":17177,"regions":[{"shape_attributes":{"name":"rect","x":142,"y":53,"width":128,"height":328},"region_attributes":{"class":"Front"}}],"file_attributes":{}},"img_076.jpeg26104":{"filename":"img_076.jpeg","size":26104,"regions":[{"shape_attributes":{"name":"rect","x":228,"y":114,"width":28,"height":62},"region_attributes":{"class":"Front"}},{"shape_attributes":{"name":"rect","x":89,"y":115,"width":27,"height":65},"region_attributes":{"class":"Down"}},{"shape_attributes":{"name":"rect","x":334,"y":148,"width":27,"height":45},"region_attributes":{"class":"Front"}}],"file_attributes":{}},"img_077.jpeg17233":{"filename":"img_077.jpeg","size":17233,"regions":[{"shape_attributes":{"name":"rect","x":178,"y":64,"width":95,"height":203},"region_attributes":{"class":"Front"}}],"file_attributes":{}},"img_078.jpeg17712":{"filename":"img_078.jpeg","size":17712,"regions":[{"shape_attributes":{"name":"rect","x":276,"y":52,"width":45,"height":111},"region_attributes":{"class":"Left"}},{"shape_attributes":{"name":"rect","x":68,"y":68,"width":43,"height":122},"region_attributes":{"class":"Right"}}],"file_attributes":{}},"img_079.jpeg15063":{"filename":"img_079.jpeg","size":15063,"regions":[{"shape_attributes":{"name":"rect","x":142,"y":169,"width":92,"height":189},"region_attributes":{"class":"Up"}}],"file_attributes":{}},"img_080.jpeg18271":{"filename":"img_080.jpeg","size":18271,"regions":[{"shape_attributes":{"name":"rect","x":155,"y":118,"width":66,"height":100},"region_attributes":{"class":"Front"}},{"shape_attributes":{"name":"rect","x":268,"y":46,"width":120,"height":183},"region_attributes":{"class":"Back"}},{"shape_attributes":{"name":"rect","x":4,"y":62,"width":114,"height":169},"region_attributes":{"class":"Back"}}],"file_attributes":{}},"img_081.jpeg23135":{"filename":"img_081.jpeg","size":23135,"regions":[{"shape_attributes":{"name":"rect","x":250,"y":93,"width":120,"height":199},"region_attributes":{"class":"Front"}},{"shape_attributes":{"name":"rect","x":49,"y":57,"width":104,"height":170},"region_attributes":{"class":"Front"}}],"file_attributes":{}},"img_082.jpeg20436":{"filename":"img_082.jpeg","size":20436,"regions":[{"shape_attributes":{"name":"rect","x":262,"y":61,"width":69,"height":199},"region_attributes":{"class":"Left"}},{"shape_attributes":{"name":"rect","x":149,"y":90,"width":78,"height":186},"region_attributes":{"class":"Right"}}],"file_attributes":{}},"img_083.jpeg24650":{"filename":"img_083.jpeg","size":24650,"regions":[{"shape_attributes":{"name":"rect","x":189,"y":39,"width":81,"height":136},"region_attributes":{"class":"Right"}}],"file_attributes":{}},"img_084.jpeg22609":{"filename":"img_084.jpeg","size":22609,"regions":[{"shape_attributes":{"name":"rect","x":262,"y":114,"width":52,"height":82},"region_attributes":{"class":"Front"}},{"shape_attributes":{"name":"rect","x":144,"y":99,"width":43,"height":103},"region_attributes":{"class":"Right"}}],"file_attributes":{}},"img_085.jpeg17065":{"filename":"img_085.jpeg","size":17065,"regions":[{"shape_attributes":{"name":"rect","x":175,"y":103,"width":95,"height":256},"region_attributes":{"class":"Right"}}],"file_attributes":{}},"img_086.jpeg20581":{"filename":"img_086.jpeg","size":20581,"regions":[{"shape_attributes":{"name":"rect","x":167,"y":30,"width":90,"height":78},"region_attributes":{"class":"Front"}}],"file_attributes":{}},"img_087.jpeg22469":{"filename":"img_087.jpeg","size":22469,"regions":[{"shape_attributes":{"name":"rect","x":281,"y":45,"width":44,"height":141},"region_attributes":{"class":"Left"}},{"shape_attributes":{"name":"rect","x":61,"y":76,"width":47,"height":141},"region_attributes":{"class":"Right"}}],"file_attributes":{}},"img_088.jpeg29243":{"filename":"img_088.jpeg","size":29243,"regions":[{"shape_attributes":{"name":"rect","x":143,"y":33,"width":13,"height":38},"region_attributes":{"class":"Right"}}],"file_attributes":{}},"img_089.jpeg20656":{"filename":"img_089.jpeg","size":20656,"regions":[{"shape_attributes":{"name":"rect","x":267,"y":76,"width":50,"height":111},"region_attributes":{"class":"Front"}},{"shape_attributes":{"name":"rect","x":63,"y":26,"width":53,"height":159},"region_attributes":{"class":"Left"}}],"file_attributes":{}},"img_090.jpeg19665":{"filename":"img_090.jpeg","size":19665,"regions":[{"shape_attributes":{"name":"rect","x":147,"y":148,"width":62,"height":68},"region_attributes":{"class":"DownRight"}},{"shape_attributes":{"name":"rect","x":233,"y":141,"width":50,"height":72},"region_attributes":{"class":"Left"}}],"file_attributes":{}},"img_091.jpeg14730":{"filename":"img_091.jpeg","size":14730,"regions":[{"shape_attributes":{"name":"rect","x":133,"y":42,"width":90,"height":121},"region_attributes":{"class":"UpLeft"}}],"file_attributes":{}},"img_092.jpeg18020":{"filename":"img_092.jpeg","size":18020,"regions":[{"shape_attributes":{"name":"rect","x":156,"y":-1,"width":39,"height":142},"region_attributes":{"class":"Left"}}],"file_attributes":{}},"img_093.jpeg14580":{"filename":"img_093.jpeg","size":14580,"regions":[{"shape_attributes":{"name":"rect","x":191,"y":49,"width":35,"height":63},"region_attributes":{"class":"DownRight"}}],"file_attributes":{}},"img_094.jpeg21979":{"filename":"img_094.jpeg","size":21979,"regions":[{"shape_attributes":{"name":"rect","x":129,"y":61,"width":176,"height":153},"region_attributes":{"class":"Back"}}],"file_attributes":{}},"img_095.jpeg26230":{"filename":"img_095.jpeg","size":26230,"regions":[{"shape_attributes":{"name":"rect","x":180,"y":104,"width":42,"height":40},"region_attributes":{"class":"Back"}}],"file_attributes":{}},"img_096.jpeg26526":{"filename":"img_096.jpeg","size":26526,"regions":[{"shape_attributes":{"name":"rect","x":171,"y":69,"width":56,"height":137},"region_attributes":{"class":"Front"}}],"file_attributes":{}},"img_097.jpeg19972":{"filename":"img_097.jpeg","size":19972,"regions":[{"shape_attributes":{"name":"rect","x":318,"y":92,"width":55,"height":237},"region_attributes":{"class":"Front"}},{"shape_attributes":{"name":"rect","x":159,"y":103,"width":50,"height":247},"region_attributes":{"class":"Left"}},{"shape_attributes":{"name":"rect","x":21,"y":107,"width":50,"height":249},"region_attributes":{"class":"Front"}}],"file_attributes":{}},"img_098.jpg31626":{"filename":"img_098.jpg","size":31626,"regions":[{"shape_attributes":{"name":"rect","x":325,"y":106,"width":32,"height":56},"region_attributes":{"class":"Down"}},{"shape_attributes":{"name":"rect","x":262,"y":106,"width":28,"height":54},"region_attributes":{"class":"Front"}},{"shape_attributes":{"name":"rect","x":179,"y":70,"width":29,"height":51},"region_attributes":{"class":"Front"}},{"shape_attributes":{"name":"rect","x":116,"y":69,"width":28,"height":58},"region_attributes":{"class":"Front"}},{"shape_attributes":{"name":"rect","x":33,"y":108,"width":29,"height":58},"region_attributes":{"class":"Front"}}],"file_attributes":{}},"img_099.jpeg14268":{"filename":"img_099.jpeg","size":14268,"regions":[{"shape_attributes":{"name":"rect","x":112,"y":47,"width":162,"height":276},"region_attributes":{"class":"Front"}}],"file_attributes":{}},"img_100.jpeg39855":{"filename":"img_100.jpeg","size":39855,"regions":[{"shape_attributes":{"name":"rect","x":300,"y":77,"width":36,"height":60},"region_attributes":{"class":"Front"}},{"shape_attributes":{"name":"rect","x":147,"y":100,"width":36,"height":67},"region_attributes":{"class":"Front"}},{"shape_attributes":{"name":"rect","x":55,"y":79,"width":30,"height":58},"region_attributes":{"class":"Front"}}],"file_attributes":{}}},"_via_attributes":{"region":{"class":{"type":"text","description":"","default_value":""}},"file":{}}}